{
    "$schema": "https://schema.management.azure.com/schemas/2019-04-01/deploymentTemplate.json#",
    "contentVersion": "1.0.0.0",
    "parameters": {
        "sites_incometracker_vrb_name": {
            "defaultValue": "incometracker-vrb",
            "type": "String"
        },
        "serverfarms_streamlit_b1_externalid": {
            "defaultValue": "/subscriptions/9b241b9f-967e-4b8a-80a3-f87d0746fd11/resourceGroups/rg-streamlit/providers/Microsoft.Web/serverfarms/streamlit-b1",
            "type": "String"
        }
    },
    "variables": {},
    "resources": [
        {
            "type": "Microsoft.Web/sites",
            "apiVersion": "2022-09-01",
            "name": "[parameters('sites_incometracker_vrb_name')]",
            "location": "East US",
            "kind": "app,linux",
            "properties": {
                "enabled": true,
                "hostNameSslStates": [
                    {
                        "name": "[concat(parameters('sites_incometracker_vrb_name'), '.azurewebsites.net')]",
                        "sslState": "Disabled",
                        "hostType": "Standard"
                    },
                    {
                        "name": "[concat(parameters('sites_incometracker_vrb_name'), '.scm.azurewebsites.net')]",
                        "sslState": "Disabled",
                        "hostType": "Repository"
                    }
                ],
                "serverFarmId": "[parameters('serverfarms_streamlit_b1_externalid')]",
                "reserved": true,
                "isXenon": false,
                "hyperV": false,
                "vnetRouteAllEnabled": false,
                "vnetImagePullEnabled": false,
                "vnetContentShareEnabled": false,
                "siteConfig": {
                    "numberOfWorkers": 1,
                    "linuxFxVersion": "PYTHON|3.10",
                    "acrUseManagedIdentityCreds": false,
                    "alwaysOn": false,
                    "http20Enabled": false,
                    "functionAppScaleLimit": 0,
                    "minimumElasticInstanceCount": 0
                },
                "scmSiteAlsoStopped": false,
                "clientAffinityEnabled": false,
                "clientCertEnabled": false,
                "clientCertMode": "Required",
                "hostNamesDisabled": false,
                "customDomainVerificationId": "1F525841267617D781511FAD5F3B0BE32572526C8AB1E8474BE9DF54CC87C3CE",
                "containerSize": 0,
                "dailyMemoryTimeQuota": 0,
                "httpsOnly": true,
                "redundancyMode": "None",
                "publicNetworkAccess": "Enabled",
                "storageAccountRequired": false,
                "keyVaultReferenceIdentity": "SystemAssigned"
            }
        },
        {
            "type": "Microsoft.Web/sites/basicPublishingCredentialsPolicies",
            "apiVersion": "2022-09-01",
            "name": "[concat(parameters('sites_incometracker_vrb_name'), '/ftp')]",
            "location": "East US",
            "dependsOn": [
                "[resourceId('Microsoft.Web/sites', parameters('sites_incometracker_vrb_name'))]"
            ],
            "properties": {
                "allow": true
            }
        },
        {
            "type": "Microsoft.Web/sites/basicPublishingCredentialsPolicies",
            "apiVersion": "2022-09-01",
            "name": "[concat(parameters('sites_incometracker_vrb_name'), '/scm')]",
            "location": "East US",
            "dependsOn": [
                "[resourceId('Microsoft.Web/sites', parameters('sites_incometracker_vrb_name'))]"
            ],
            "properties": {
                "allow": true
            }
        },
        {
            "type": "Microsoft.Web/sites/config",
            "apiVersion": "2022-09-01",
            "name": "[concat(parameters('sites_incometracker_vrb_name'), '/web')]",
            "location": "East US",
            "dependsOn": [
                "[resourceId('Microsoft.Web/sites', parameters('sites_incometracker_vrb_name'))]"
            ],
            "properties": {
                "numberOfWorkers": 1,
                "defaultDocuments": [
                    "Default.htm",
                    "Default.html",
                    "Default.asp",
                    "index.htm",
                    "index.html",
                    "iisstart.htm",
                    "default.aspx",
                    "index.php",
                    "hostingstart.html"
                ],
                "netFrameworkVersion": "v4.0",
                "linuxFxVersion": "PYTHON|3.10",
                "requestTracingEnabled": false,
                "remoteDebuggingEnabled": false,
                "remoteDebuggingVersion": "VS2019",
                "httpLoggingEnabled": false,
                "acrUseManagedIdentityCreds": false,
                "logsDirectorySizeLimit": 35,
                "detailedErrorLoggingEnabled": false,
                "publishingUsername": "$incometracker-vrb",
                "scmType": "GitHubAction",
                "use32BitWorkerProcess": true,
                "webSocketsEnabled": false,
                "alwaysOn": false,
                "appCommandLine": "python -m streamlit run app.py --server.port 8000",
                "managedPipelineMode": "Integrated",
                "virtualApplications": [
                    {
                        "virtualPath": "/",
                        "physicalPath": "site\\wwwroot",
                        "preloadEnabled": false
                    }
                ],
                "loadBalancing": "LeastRequests",
                "experiments": {
                    "rampUpRules": []
                },
                "autoHealEnabled": false,
                "vnetRouteAllEnabled": false,
                "vnetPrivatePortsCount": 0,
                "publicNetworkAccess": "Enabled",
                "localMySqlEnabled": false,
                "ipSecurityRestrictions": [
                    {
                        "ipAddress": "Any",
                        "action": "Allow",
                        "priority": 2147483647,
                        "name": "Allow all",
                        "description": "Allow all access"
                    }
                ],
                "scmIpSecurityRestrictions": [
                    {
                        "ipAddress": "Any",
                        "action": "Allow",
                        "priority": 2147483647,
                        "name": "Allow all",
                        "description": "Allow all access"
                    }
                ],
                "scmIpSecurityRestrictionsUseMain": false,
                "http20Enabled": false,
                "minTlsVersion": "1.2",
                "scmMinTlsVersion": "1.2",
                "ftpsState": "FtpsOnly",
                "preWarmedInstanceCount": 0,
                "elasticWebAppScaleLimit": 0,
                "functionsRuntimeScaleMonitoringEnabled": false,
                "minimumElasticInstanceCount": 0,
                "azureStorageAccounts": {}
            }
        },
        {
            "type": "Microsoft.Web/sites/deployments",
            "apiVersion": "2022-09-01",
            "name": "[concat(parameters('sites_incometracker_vrb_name'), '/0ee2d999-5e75-4e20-b61f-48076d38b3dc')]",
            "location": "East US",
            "dependsOn": [
                "[resourceId('Microsoft.Web/sites', parameters('sites_incometracker_vrb_name'))]"
            ],
            "properties": {
                "status": 4,
                "author_email": "N/A",
                "author": "N/A",
                "deployer": "GITHUB_ZIP_DEPLOY",
                "message": "{\"type\":\"deployment\",\"sha\":\"eae1ce91c27015eb6e1651549ea670bc3a5a05db\",\"repoName\":\"gilgamesh7/streamlit_incometracker_grapher\",\"actor\":\"gilgamesh7\",\"slotName\":\"Production\",\"commitMessage\":\"Get input data , comments & save data button\"}",
                "start_time": "2023-06-04T08:26:10.8887596Z",
                "end_time": "2023-06-04T08:31:52.0029107Z",
                "active": false
            }
        },
        {
            "type": "Microsoft.Web/sites/deployments",
            "apiVersion": "2022-09-01",
            "name": "[concat(parameters('sites_incometracker_vrb_name'), '/15209b4c-adb6-45a2-851a-f6417b344ccc')]",
            "location": "East US",
            "dependsOn": [
                "[resourceId('Microsoft.Web/sites', parameters('sites_incometracker_vrb_name'))]"
            ],
            "properties": {
                "status": 4,
                "author_email": "N/A",
                "author": "N/A",
                "deployer": "GITHUB_ZIP_DEPLOY",
                "message": "{\"type\":\"deployment\",\"sha\":\"1564f75efb436af9644f2820033bd087f37958f8\",\"repoName\":\"gilgamesh7/streamlit_incometracker_grapher\",\"actor\":\"gilgamesh7\",\"slotName\":\"Production\",\"commitMessage\":\"Information on Azure deployment + dropdowns\"}",
                "start_time": "2023-06-03T08:12:41.2942547Z",
                "end_time": "2023-06-03T08:18:40.7202671Z",
                "active": false
            }
        },
        {
            "type": "Microsoft.Web/sites/deployments",
            "apiVersion": "2022-09-01",
            "name": "[concat(parameters('sites_incometracker_vrb_name'), '/2558c87a-5dc1-40f7-a53c-35a6c4f8df18')]",
            "location": "East US",
            "dependsOn": [
                "[resourceId('Microsoft.Web/sites', parameters('sites_incometracker_vrb_name'))]"
            ],
            "properties": {
                "status": 4,
                "author_email": "N/A",
                "author": "N/A",
                "deployer": "GITHUB_ZIP_DEPLOY",
                "message": "{\"type\":\"deployment\",\"sha\":\"c26c6a22eac835e37dc369afb671f5d035727031\",\"repoName\":\"gilgamesh7/streamlit_incometracker_grapher\",\"actor\":\"gilgamesh7\",\"slotName\":\"Production\",\"commitMessage\":\"Integrate app with DETA db\"}",
                "start_time": "2023-06-06T10:03:12.1296038Z",
                "end_time": "2023-06-06T10:08:55.4558653Z",
                "active": false
            }
        },
        {
            "type": "Microsoft.Web/sites/deployments",
            "apiVersion": "2022-09-01",
            "name": "[concat(parameters('sites_incometracker_vrb_name'), '/2779dd85-e369-4ec3-8263-bdf367780880')]",
            "location": "East US",
            "dependsOn": [
                "[resourceId('Microsoft.Web/sites', parameters('sites_incometracker_vrb_name'))]"
            ],
            "properties": {
                "status": 4,
                "author_email": "N/A",
                "author": "N/A",
                "deployer": "GITHUB_ZIP_DEPLOY",
                "message": "{\"type\":\"deployment\",\"sha\":\"bac12f7a883d035adf67ea9b0222bc78676cee36\",\"repoName\":\"gilgamesh7/streamlit_incometracker_grapher\",\"actor\":\"gilgamesh7\",\"slotName\":\"Production\",\"commitMessage\":\"Add tabs\"}",
                "start_time": "2023-06-05T07:30:12.2457099Z",
                "end_time": "2023-06-05T07:36:17.0591389Z",
                "active": false
            }
        },
        {
            "type": "Microsoft.Web/sites/deployments",
            "apiVersion": "2022-09-01",
            "name": "[concat(parameters('sites_incometracker_vrb_name'), '/31ea0fe8-6f83-4b9a-bf5c-a977deff3326')]",
            "location": "East US",
            "dependsOn": [
                "[resourceId('Microsoft.Web/sites', parameters('sites_incometracker_vrb_name'))]"
            ],
            "properties": {
                "status": 4,
                "author_email": "N/A",
                "author": "N/A",
                "deployer": "GITHUB_ZIP_DEPLOY",
                "message": "{\"type\":\"deployment\",\"sha\":\"319ebe041cbabcd104d482a8ec0f5681d729e9a9\",\"repoName\":\"gilgamesh7/streamlit_incometracker_grapher\",\"actor\":\"gilgamesh7\",\"slotName\":\"Production\",\"commitMessage\":\"Update requirements with deta\"}",
                "start_time": "2023-06-06T10:12:27.5873227Z",
                "end_time": "2023-06-06T10:18:09.9098014Z",
                "active": false
            }
        },
        {
            "type": "Microsoft.Web/sites/deployments",
            "apiVersion": "2022-09-01",
            "name": "[concat(parameters('sites_incometracker_vrb_name'), '/a2411302-7ce7-42c2-9695-db41d25a2e9c')]",
            "location": "East US",
            "dependsOn": [
                "[resourceId('Microsoft.Web/sites', parameters('sites_incometracker_vrb_name'))]"
            ],
            "properties": {
                "status": 4,
                "author_email": "N/A",
                "author": "N/A",
                "deployer": "GITHUB_ZIP_DEPLOY",
                "message": "{\"type\":\"deployment\",\"sha\":\"add082ece29465b5acb11298b708c143211b977c\",\"repoName\":\"gilgamesh7/streamlit_incometracker_grapher\",\"actor\":\"gilgamesh7\",\"slotName\":\"Production\",\"commitMessage\":\"Add or update the Azure App Service build and deployment workflow config\"}",
                "start_time": "2023-06-03T07:43:57.6731427Z",
                "end_time": "2023-06-03T07:50:10.8101021Z",
                "active": false
            }
        },
        {
            "type": "Microsoft.Web/sites/deployments",
            "apiVersion": "2022-09-01",
            "name": "[concat(parameters('sites_incometracker_vrb_name'), '/de15dd84-458a-4904-941c-19ee5d68787a')]",
            "location": "East US",
            "dependsOn": [
                "[resourceId('Microsoft.Web/sites', parameters('sites_incometracker_vrb_name'))]"
            ],
            "properties": {
                "status": 4,
                "author_email": "N/A",
                "author": "N/A",
                "deployer": "GITHUB_ZIP_DEPLOY",
                "message": "{\"type\":\"deployment\",\"sha\":\"fd8d500c4ed744df5c79bbcbe3b60cb122ab66c8\",\"repoName\":\"gilgamesh7/streamlit_incometracker_grapher\",\"actor\":\"gilgamesh7\",\"slotName\":\"Production\",\"commitMessage\":\"Dummy data to show metrics\"}",
                "start_time": "2023-06-05T00:30:47.77588Z",
                "end_time": "2023-06-05T00:36:31.616111Z",
                "active": false
            }
        },
        {
            "type": "Microsoft.Web/sites/deployments",
            "apiVersion": "2022-09-01",
            "name": "[concat(parameters('sites_incometracker_vrb_name'), '/fbf7fc93-09eb-4beb-b258-ce35f2358575')]",
            "location": "East US",
            "dependsOn": [
                "[resourceId('Microsoft.Web/sites', parameters('sites_incometracker_vrb_name'))]"
            ],
            "properties": {
                "status": 4,
                "author_email": "N/A",
                "author": "N/A",
                "deployer": "GITHUB_ZIP_DEPLOY",
                "message": "{\"type\":\"deployment\",\"sha\":\"5b332315a64deab12ec70ad970ddf0b03d857d4c\",\"repoName\":\"gilgamesh7/streamlit_incometracker_grapher\",\"actor\":\"gilgamesh7\",\"slotName\":\"Production\",\"commitMessage\":\"set up azure KV access\"}",
                "start_time": "2023-06-07T07:59:12.0255792Z",
                "end_time": "2023-06-07T08:06:00.4043161Z",
                "active": true
            }
        },
        {
            "type": "Microsoft.Web/sites/hostNameBindings",
            "apiVersion": "2022-09-01",
            "name": "[concat(parameters('sites_incometracker_vrb_name'), '/', parameters('sites_incometracker_vrb_name'), '.azurewebsites.net')]",
            "location": "East US",
            "dependsOn": [
                "[resourceId('Microsoft.Web/sites', parameters('sites_incometracker_vrb_name'))]"
            ],
            "properties": {
                "siteName": "incometracker-vrb",
                "hostNameType": "Verified"
            }
        },
        {
            "type": "Microsoft.Web/sites/snapshots",
            "apiVersion": "2015-08-01",
            "name": "[concat(parameters('sites_incometracker_vrb_name'), '/2023-06-14T01_24_20_7039872')]",
            "dependsOn": [
                "[resourceId('Microsoft.Web/sites', parameters('sites_incometracker_vrb_name'))]"
            ]
        },
        {
            "type": "Microsoft.Web/sites/snapshots",
            "apiVersion": "2015-08-01",
            "name": "[concat(parameters('sites_incometracker_vrb_name'), '/2023-06-14T10_24_21_5186697')]",
            "dependsOn": [
                "[resourceId('Microsoft.Web/sites', parameters('sites_incometracker_vrb_name'))]"
            ]
        },
        {
            "type": "Microsoft.Web/sites/snapshots",
            "apiVersion": "2015-08-01",
            "name": "[concat(parameters('sites_incometracker_vrb_name'), '/2023-06-14T16_24_22_0533554')]",
            "dependsOn": [
                "[resourceId('Microsoft.Web/sites', parameters('sites_incometracker_vrb_name'))]"
            ]
        },
        {
            "type": "Microsoft.Web/sites/snapshots",
            "apiVersion": "2015-08-01",
            "name": "[concat(parameters('sites_incometracker_vrb_name'), '/2023-06-15T01_24_22_9081401')]",
            "dependsOn": [
                "[resourceId('Microsoft.Web/sites', parameters('sites_incometracker_vrb_name'))]"
            ]
        },
        {
            "type": "Microsoft.Web/sites/snapshots",
            "apiVersion": "2015-08-01",
            "name": "[concat(parameters('sites_incometracker_vrb_name'), '/2023-06-15T10_24_23_6705392')]",
            "dependsOn": [
                "[resourceId('Microsoft.Web/sites', parameters('sites_incometracker_vrb_name'))]"
            ]
        },
        {
            "type": "Microsoft.Web/sites/snapshots",
            "apiVersion": "2015-08-01",
            "name": "[concat(parameters('sites_incometracker_vrb_name'), '/2023-06-15T16_24_24_2290834')]",
            "dependsOn": [
                "[resourceId('Microsoft.Web/sites', parameters('sites_incometracker_vrb_name'))]"
            ]
        },
        {
            "type": "Microsoft.Web/sites/snapshots",
            "apiVersion": "2015-08-01",
            "name": "[concat(parameters('sites_incometracker_vrb_name'), '/2023-06-16T01_24_24_9984757')]",
            "dependsOn": [
                "[resourceId('Microsoft.Web/sites', parameters('sites_incometracker_vrb_name'))]"
            ]
        },
        {
            "type": "Microsoft.Web/sites/snapshots",
            "apiVersion": "2015-08-01",
            "name": "[concat(parameters('sites_incometracker_vrb_name'), '/2023-06-16T10_24_25_7827349')]",
            "dependsOn": [
                "[resourceId('Microsoft.Web/sites', parameters('sites_incometracker_vrb_name'))]"
            ]
        },
        {
            "type": "Microsoft.Web/sites/snapshots",
            "apiVersion": "2015-08-01",
            "name": "[concat(parameters('sites_incometracker_vrb_name'), '/2023-06-16T16_24_26_3144939')]",
            "dependsOn": [
                "[resourceId('Microsoft.Web/sites', parameters('sites_incometracker_vrb_name'))]"
            ]
        },
        {
            "type": "Microsoft.Web/sites/snapshots",
            "apiVersion": "2015-08-01",
            "name": "[concat(parameters('sites_incometracker_vrb_name'), '/2023-06-17T01_24_27_1025469')]",
            "dependsOn": [
                "[resourceId('Microsoft.Web/sites', parameters('sites_incometracker_vrb_name'))]"
            ]
        },
        {
            "type": "Microsoft.Web/sites/snapshots",
            "apiVersion": "2015-08-01",
            "name": "[concat(parameters('sites_incometracker_vrb_name'), '/2023-06-17T10_24_27_8857183')]",
            "dependsOn": [
                "[resourceId('Microsoft.Web/sites', parameters('sites_incometracker_vrb_name'))]"
            ]
        },
        {
            "type": "Microsoft.Web/sites/snapshots",
            "apiVersion": "2015-08-01",
            "name": "[concat(parameters('sites_incometracker_vrb_name'), '/2023-06-17T16_24_28_4045033')]",
            "dependsOn": [
                "[resourceId('Microsoft.Web/sites', parameters('sites_incometracker_vrb_name'))]"
            ]
        },
        {
            "type": "Microsoft.Web/sites/snapshots",
            "apiVersion": "2015-08-01",
            "name": "[concat(parameters('sites_incometracker_vrb_name'), '/2023-06-18T01_24_29_1995184')]",
            "dependsOn": [
                "[resourceId('Microsoft.Web/sites', parameters('sites_incometracker_vrb_name'))]"
            ]
        },
        {
            "type": "Microsoft.Web/sites/snapshots",
            "apiVersion": "2015-08-01",
            "name": "[concat(parameters('sites_incometracker_vrb_name'), '/2023-06-18T10_24_30_1062331')]",
            "dependsOn": [
                "[resourceId('Microsoft.Web/sites', parameters('sites_incometracker_vrb_name'))]"
            ]
        },
        {
            "type": "Microsoft.Web/sites/snapshots",
            "apiVersion": "2015-08-01",
            "name": "[concat(parameters('sites_incometracker_vrb_name'), '/2023-06-18T16_24_30_5331001')]",
            "dependsOn": [
                "[resourceId('Microsoft.Web/sites', parameters('sites_incometracker_vrb_name'))]"
            ]
        },
        {
            "type": "Microsoft.Web/sites/snapshots",
            "apiVersion": "2015-08-01",
            "name": "[concat(parameters('sites_incometracker_vrb_name'), '/2023-06-19T01_24_31_3184524')]",
            "dependsOn": [
                "[resourceId('Microsoft.Web/sites', parameters('sites_incometracker_vrb_name'))]"
            ]
        },
        {
            "type": "Microsoft.Web/sites/snapshots",
            "apiVersion": "2015-08-01",
            "name": "[concat(parameters('sites_incometracker_vrb_name'), '/2023-06-19T10_24_32_1071850')]",
            "dependsOn": [
                "[resourceId('Microsoft.Web/sites', parameters('sites_incometracker_vrb_name'))]"
            ]
        },
        {
            "type": "Microsoft.Web/sites/snapshots",
            "apiVersion": "2015-08-01",
            "name": "[concat(parameters('sites_incometracker_vrb_name'), '/2023-06-19T16_24_32_6256523')]",
            "dependsOn": [
                "[resourceId('Microsoft.Web/sites', parameters('sites_incometracker_vrb_name'))]"
            ]
        },
        {
            "type": "Microsoft.Web/sites/snapshots",
            "apiVersion": "2015-08-01",
            "name": "[concat(parameters('sites_incometracker_vrb_name'), '/2023-06-20T01_24_33_4440727')]",
            "dependsOn": [
                "[resourceId('Microsoft.Web/sites', parameters('sites_incometracker_vrb_name'))]"
            ]
        },
        {
            "type": "Microsoft.Web/sites/snapshots",
            "apiVersion": "2015-08-01",
            "name": "[concat(parameters('sites_incometracker_vrb_name'), '/2023-06-20T10_24_36_2625896')]",
            "dependsOn": [
                "[resourceId('Microsoft.Web/sites', parameters('sites_incometracker_vrb_name'))]"
            ]
        },
        {
            "type": "Microsoft.Web/sites/snapshots",
            "apiVersion": "2015-08-01",
            "name": "[concat(parameters('sites_incometracker_vrb_name'), '/2023-06-20T16_24_36_8826643')]",
            "dependsOn": [
                "[resourceId('Microsoft.Web/sites', parameters('sites_incometracker_vrb_name'))]"
            ]
        },
        {
            "type": "Microsoft.Web/sites/snapshots",
            "apiVersion": "2015-08-01",
            "name": "[concat(parameters('sites_incometracker_vrb_name'), '/2023-06-21T01_24_37_8154348')]",
            "dependsOn": [
                "[resourceId('Microsoft.Web/sites', parameters('sites_incometracker_vrb_name'))]"
            ]
        },
        {
            "type": "Microsoft.Web/sites/snapshots",
            "apiVersion": "2015-08-01",
            "name": "[concat(parameters('sites_incometracker_vrb_name'), '/2023-06-21T10_24_38_7919827')]",
            "dependsOn": [
                "[resourceId('Microsoft.Web/sites', parameters('sites_incometracker_vrb_name'))]"
            ]
        },
        {
            "type": "Microsoft.Web/sites/snapshots",
            "apiVersion": "2015-08-01",
            "name": "[concat(parameters('sites_incometracker_vrb_name'), '/2023-06-21T16_24_39_3692532')]",
            "dependsOn": [
                "[resourceId('Microsoft.Web/sites', parameters('sites_incometracker_vrb_name'))]"
            ]
        },
        {
            "type": "Microsoft.Web/sites/snapshots",
            "apiVersion": "2015-08-01",
            "name": "[concat(parameters('sites_incometracker_vrb_name'), '/2023-06-22T01_24_40_2735321')]",
            "dependsOn": [
                "[resourceId('Microsoft.Web/sites', parameters('sites_incometracker_vrb_name'))]"
            ]
        },
        {
            "type": "Microsoft.Web/sites/snapshots",
            "apiVersion": "2015-08-01",
            "name": "[concat(parameters('sites_incometracker_vrb_name'), '/2023-06-22T10_24_41_1734162')]",
            "dependsOn": [
                "[resourceId('Microsoft.Web/sites', parameters('sites_incometracker_vrb_name'))]"
            ]
        },
        {
            "type": "Microsoft.Web/sites/snapshots",
            "apiVersion": "2015-08-01",
            "name": "[concat(parameters('sites_incometracker_vrb_name'), '/2023-06-22T16_24_41_7980473')]",
            "dependsOn": [
                "[resourceId('Microsoft.Web/sites', parameters('sites_incometracker_vrb_name'))]"
            ]
        },
        {
            "type": "Microsoft.Web/sites/snapshots",
            "apiVersion": "2015-08-01",
            "name": "[concat(parameters('sites_incometracker_vrb_name'), '/2023-06-23T01_24_42_7719849')]",
            "dependsOn": [
                "[resourceId('Microsoft.Web/sites', parameters('sites_incometracker_vrb_name'))]"
            ]
        },
        {
            "type": "Microsoft.Web/sites/snapshots",
            "apiVersion": "2015-08-01",
            "name": "[concat(parameters('sites_incometracker_vrb_name'), '/2023-06-23T10_24_44_2465619')]",
            "dependsOn": [
                "[resourceId('Microsoft.Web/sites', parameters('sites_incometracker_vrb_name'))]"
            ]
        },
        {
            "type": "Microsoft.Web/sites/snapshots",
            "apiVersion": "2015-08-01",
            "name": "[concat(parameters('sites_incometracker_vrb_name'), '/2023-06-23T16_24_44_8782290')]",
            "dependsOn": [
                "[resourceId('Microsoft.Web/sites', parameters('sites_incometracker_vrb_name'))]"
            ]
        },
        {
            "type": "Microsoft.Web/sites/snapshots",
            "apiVersion": "2015-08-01",
            "name": "[concat(parameters('sites_incometracker_vrb_name'), '/2023-06-24T01_24_45_7923108')]",
            "dependsOn": [
                "[resourceId('Microsoft.Web/sites', parameters('sites_incometracker_vrb_name'))]"
            ]
        },
        {
            "type": "Microsoft.Web/sites/snapshots",
            "apiVersion": "2015-08-01",
            "name": "[concat(parameters('sites_incometracker_vrb_name'), '/2023-06-24T10_24_46_7074097')]",
            "dependsOn": [
                "[resourceId('Microsoft.Web/sites', parameters('sites_incometracker_vrb_name'))]"
            ]
        },
        {
            "type": "Microsoft.Web/sites/snapshots",
            "apiVersion": "2015-08-01",
            "name": "[concat(parameters('sites_incometracker_vrb_name'), '/2023-06-24T16_24_47_3238688')]",
            "dependsOn": [
                "[resourceId('Microsoft.Web/sites', parameters('sites_incometracker_vrb_name'))]"
            ]
        },
        {
            "type": "Microsoft.Web/sites/snapshots",
            "apiVersion": "2015-08-01",
            "name": "[concat(parameters('sites_incometracker_vrb_name'), '/2023-06-25T01_24_48_2382925')]",
            "dependsOn": [
                "[resourceId('Microsoft.Web/sites', parameters('sites_incometracker_vrb_name'))]"
            ]
        },
        {
            "type": "Microsoft.Web/sites/snapshots",
            "apiVersion": "2015-08-01",
            "name": "[concat(parameters('sites_incometracker_vrb_name'), '/2023-06-25T10_24_49_1693888')]",
            "dependsOn": [
                "[resourceId('Microsoft.Web/sites', parameters('sites_incometracker_vrb_name'))]"
            ]
        },
        {
            "type": "Microsoft.Web/sites/snapshots",
            "apiVersion": "2015-08-01",
            "name": "[concat(parameters('sites_incometracker_vrb_name'), '/2023-06-25T16_24_49_7827508')]",
            "dependsOn": [
                "[resourceId('Microsoft.Web/sites', parameters('sites_incometracker_vrb_name'))]"
            ]
        },
        {
            "type": "Microsoft.Web/sites/snapshots",
            "apiVersion": "2015-08-01",
            "name": "[concat(parameters('sites_incometracker_vrb_name'), '/2023-06-26T01_24_50_7028299')]",
            "dependsOn": [
                "[resourceId('Microsoft.Web/sites', parameters('sites_incometracker_vrb_name'))]"
            ]
        },
        {
            "type": "Microsoft.Web/sites/snapshots",
            "apiVersion": "2015-08-01",
            "name": "[concat(parameters('sites_incometracker_vrb_name'), '/2023-06-26T10_24_51_6320187')]",
            "dependsOn": [
                "[resourceId('Microsoft.Web/sites', parameters('sites_incometracker_vrb_name'))]"
            ]
        },
        {
            "type": "Microsoft.Web/sites/snapshots",
            "apiVersion": "2015-08-01",
            "name": "[concat(parameters('sites_incometracker_vrb_name'), '/2023-06-26T16_24_52_2496224')]",
            "dependsOn": [
                "[resourceId('Microsoft.Web/sites', parameters('sites_incometracker_vrb_name'))]"
            ]
        },
        {
            "type": "Microsoft.Web/sites/snapshots",
            "apiVersion": "2015-08-01",
            "name": "[concat(parameters('sites_incometracker_vrb_name'), '/2023-06-27T01_24_53_1863510')]",
            "dependsOn": [
                "[resourceId('Microsoft.Web/sites', parameters('sites_incometracker_vrb_name'))]"
            ]
        },
        {
            "type": "Microsoft.Web/sites/snapshots",
            "apiVersion": "2015-08-01",
            "name": "[concat(parameters('sites_incometracker_vrb_name'), '/2023-06-27T10_24_54_0872338')]",
            "dependsOn": [
                "[resourceId('Microsoft.Web/sites', parameters('sites_incometracker_vrb_name'))]"
            ]
        },
        {
            "type": "Microsoft.Web/sites/snapshots",
            "apiVersion": "2015-08-01",
            "name": "[concat(parameters('sites_incometracker_vrb_name'), '/2023-06-27T16_24_54_6829716')]",
            "dependsOn": [
                "[resourceId('Microsoft.Web/sites', parameters('sites_incometracker_vrb_name'))]"
            ]
        },
        {
            "type": "Microsoft.Web/sites/snapshots",
            "apiVersion": "2015-08-01",
            "name": "[concat(parameters('sites_incometracker_vrb_name'), '/2023-06-28T01_24_55_5917253')]",
            "dependsOn": [
                "[resourceId('Microsoft.Web/sites', parameters('sites_incometracker_vrb_name'))]"
            ]
        },
        {
            "type": "Microsoft.Web/sites/snapshots",
            "apiVersion": "2015-08-01",
            "name": "[concat(parameters('sites_incometracker_vrb_name'), '/2023-06-28T10_24_56_5262741')]",
            "dependsOn": [
                "[resourceId('Microsoft.Web/sites', parameters('sites_incometracker_vrb_name'))]"
            ]
        },
        {
            "type": "Microsoft.Web/sites/snapshots",
            "apiVersion": "2015-08-01",
            "name": "[concat(parameters('sites_incometracker_vrb_name'), '/2023-06-28T16_24_57_1316705')]",
            "dependsOn": [
                "[resourceId('Microsoft.Web/sites', parameters('sites_incometracker_vrb_name'))]"
            ]
        },
        {
            "type": "Microsoft.Web/sites/snapshots",
            "apiVersion": "2015-08-01",
            "name": "[concat(parameters('sites_incometracker_vrb_name'), '/2023-06-29T01_24_58_0669349')]",
            "dependsOn": [
                "[resourceId('Microsoft.Web/sites', parameters('sites_incometracker_vrb_name'))]"
            ]
        },
        {
            "type": "Microsoft.Web/sites/snapshots",
            "apiVersion": "2015-08-01",
            "name": "[concat(parameters('sites_incometracker_vrb_name'), '/2023-06-29T07_24_58_6667025')]",
            "dependsOn": [
                "[resourceId('Microsoft.Web/sites', parameters('sites_incometracker_vrb_name'))]"
            ]
        },
        {
            "type": "Microsoft.Web/sites/snapshots",
            "apiVersion": "2015-08-01",
            "name": "[concat(parameters('sites_incometracker_vrb_name'), '/2023-06-29T10_24_58_9611626')]",
            "dependsOn": [
                "[resourceId('Microsoft.Web/sites', parameters('sites_incometracker_vrb_name'))]"
            ]
        },
        {
            "type": "Microsoft.Web/sites/snapshots",
            "apiVersion": "2015-08-01",
            "name": "[concat(parameters('sites_incometracker_vrb_name'), '/2023-06-29T13_24_59_2659002')]",
            "dependsOn": [
                "[resourceId('Microsoft.Web/sites', parameters('sites_incometracker_vrb_name'))]"
            ]
        },
        {
            "type": "Microsoft.Web/sites/snapshots",
            "apiVersion": "2015-08-01",
            "name": "[concat(parameters('sites_incometracker_vrb_name'), '/2023-06-29T16_24_59_5504857')]",
            "dependsOn": [
                "[resourceId('Microsoft.Web/sites', parameters('sites_incometracker_vrb_name'))]"
            ]
        },
        {
            "type": "Microsoft.Web/sites/snapshots",
            "apiVersion": "2015-08-01",
            "name": "[concat(parameters('sites_incometracker_vrb_name'), '/2023-06-29T19_24_59_8481000')]",
            "dependsOn": [
                "[resourceId('Microsoft.Web/sites', parameters('sites_incometracker_vrb_name'))]"
            ]
        },
        {
            "type": "Microsoft.Web/sites/snapshots",
            "apiVersion": "2015-08-01",
            "name": "[concat(parameters('sites_incometracker_vrb_name'), '/2023-06-29T22_25_00_1298881')]",
            "dependsOn": [
                "[resourceId('Microsoft.Web/sites', parameters('sites_incometracker_vrb_name'))]"
            ]
        },
        {
            "type": "Microsoft.Web/sites/snapshots",
            "apiVersion": "2015-08-01",
            "name": "[concat(parameters('sites_incometracker_vrb_name'), '/2023-06-30T01_25_00_4264626')]",
            "dependsOn": [
                "[resourceId('Microsoft.Web/sites', parameters('sites_incometracker_vrb_name'))]"
            ]
        },
        {
            "type": "Microsoft.Web/sites/snapshots",
            "apiVersion": "2015-08-01",
            "name": "[concat(parameters('sites_incometracker_vrb_name'), '/2023-06-30T07_25_01_0549703')]",
            "dependsOn": [
                "[resourceId('Microsoft.Web/sites', parameters('sites_incometracker_vrb_name'))]"
            ]
        },
        {
            "type": "Microsoft.Web/sites/snapshots",
            "apiVersion": "2015-08-01",
            "name": "[concat(parameters('sites_incometracker_vrb_name'), '/2023-06-30T10_25_01_3562550')]",
            "dependsOn": [
                "[resourceId('Microsoft.Web/sites', parameters('sites_incometracker_vrb_name'))]"
            ]
        },
        {
            "type": "Microsoft.Web/sites/snapshots",
            "apiVersion": "2015-08-01",
            "name": "[concat(parameters('sites_incometracker_vrb_name'), '/2023-06-30T13_25_01_6877825')]",
            "dependsOn": [
                "[resourceId('Microsoft.Web/sites', parameters('sites_incometracker_vrb_name'))]"
            ]
        },
        {
            "type": "Microsoft.Web/sites/snapshots",
            "apiVersion": "2015-08-01",
            "name": "[concat(parameters('sites_incometracker_vrb_name'), '/2023-06-30T16_25_01_9848653')]",
            "dependsOn": [
                "[resourceId('Microsoft.Web/sites', parameters('sites_incometracker_vrb_name'))]"
            ]
        },
        {
            "type": "Microsoft.Web/sites/snapshots",
            "apiVersion": "2015-08-01",
            "name": "[concat(parameters('sites_incometracker_vrb_name'), '/2023-06-30T19_25_02_7048745')]",
            "dependsOn": [
                "[resourceId('Microsoft.Web/sites', parameters('sites_incometracker_vrb_name'))]"
            ]
        },
        {
            "type": "Microsoft.Web/sites/snapshots",
            "apiVersion": "2015-08-01",
            "name": "[concat(parameters('sites_incometracker_vrb_name'), '/2023-06-30T22_25_03_0194015')]",
            "dependsOn": [
                "[resourceId('Microsoft.Web/sites', parameters('sites_incometracker_vrb_name'))]"
            ]
        },
        {
            "type": "Microsoft.Web/sites/snapshots",
            "apiVersion": "2015-08-01",
            "name": "[concat(parameters('sites_incometracker_vrb_name'), '/2023-07-01T01_25_03_3479537')]",
            "dependsOn": [
                "[resourceId('Microsoft.Web/sites', parameters('sites_incometracker_vrb_name'))]"
            ]
        },
        {
            "type": "Microsoft.Web/sites/snapshots",
            "apiVersion": "2015-08-01",
            "name": "[concat(parameters('sites_incometracker_vrb_name'), '/2023-07-01T07_25_03_9421707')]",
            "dependsOn": [
                "[resourceId('Microsoft.Web/sites', parameters('sites_incometracker_vrb_name'))]"
            ]
        },
        {
            "type": "Microsoft.Web/sites/snapshots",
            "apiVersion": "2015-08-01",
            "name": "[concat(parameters('sites_incometracker_vrb_name'), '/2023-07-01T10_25_04_2496725')]",
            "dependsOn": [
                "[resourceId('Microsoft.Web/sites', parameters('sites_incometracker_vrb_name'))]"
            ]
        },
        {
            "type": "Microsoft.Web/sites/snapshots",
            "apiVersion": "2015-08-01",
            "name": "[concat(parameters('sites_incometracker_vrb_name'), '/2023-07-01T13_25_04_5559132')]",
            "dependsOn": [
                "[resourceId('Microsoft.Web/sites', parameters('sites_incometracker_vrb_name'))]"
            ]
        },
        {
            "type": "Microsoft.Web/sites/snapshots",
            "apiVersion": "2015-08-01",
            "name": "[concat(parameters('sites_incometracker_vrb_name'), '/2023-07-01T16_25_04_8898748')]",
            "dependsOn": [
                "[resourceId('Microsoft.Web/sites', parameters('sites_incometracker_vrb_name'))]"
            ]
        },
        {
            "type": "Microsoft.Web/sites/snapshots",
            "apiVersion": "2015-08-01",
            "name": "[concat(parameters('sites_incometracker_vrb_name'), '/2023-07-01T19_25_05_1933404')]",
            "dependsOn": [
                "[resourceId('Microsoft.Web/sites', parameters('sites_incometracker_vrb_name'))]"
            ]
        },
        {
            "type": "Microsoft.Web/sites/snapshots",
            "apiVersion": "2015-08-01",
            "name": "[concat(parameters('sites_incometracker_vrb_name'), '/2023-07-01T22_25_05_5067478')]",
            "dependsOn": [
                "[resourceId('Microsoft.Web/sites', parameters('sites_incometracker_vrb_name'))]"
            ]
        },
        {
            "type": "Microsoft.Web/sites/snapshots",
            "apiVersion": "2015-08-01",
            "name": "[concat(parameters('sites_incometracker_vrb_name'), '/2023-07-02T01_25_05_8330869')]",
            "dependsOn": [
                "[resourceId('Microsoft.Web/sites', parameters('sites_incometracker_vrb_name'))]"
            ]
        },
        {
            "type": "Microsoft.Web/sites/snapshots",
            "apiVersion": "2015-08-01",
            "name": "[concat(parameters('sites_incometracker_vrb_name'), '/2023-07-02T07_25_06_4042115')]",
            "dependsOn": [
                "[resourceId('Microsoft.Web/sites', parameters('sites_incometracker_vrb_name'))]"
            ]
        },
        {
            "type": "Microsoft.Web/sites/snapshots",
            "apiVersion": "2015-08-01",
            "name": "[concat(parameters('sites_incometracker_vrb_name'), '/2023-07-02T10_25_06_6989207')]",
            "dependsOn": [
                "[resourceId('Microsoft.Web/sites', parameters('sites_incometracker_vrb_name'))]"
            ]
        },
        {
            "type": "Microsoft.Web/sites/snapshots",
            "apiVersion": "2015-08-01",
            "name": "[concat(parameters('sites_incometracker_vrb_name'), '/2023-07-02T13_25_07_0103400')]",
            "dependsOn": [
                "[resourceId('Microsoft.Web/sites', parameters('sites_incometracker_vrb_name'))]"
            ]
        },
        {
            "type": "Microsoft.Web/sites/snapshots",
            "apiVersion": "2015-08-01",
            "name": "[concat(parameters('sites_incometracker_vrb_name'), '/2023-07-02T16_25_07_3237269')]",
            "dependsOn": [
                "[resourceId('Microsoft.Web/sites', parameters('sites_incometracker_vrb_name'))]"
            ]
        },
        {
            "type": "Microsoft.Web/sites/snapshots",
            "apiVersion": "2015-08-01",
            "name": "[concat(parameters('sites_incometracker_vrb_name'), '/2023-07-02T19_25_07_6212477')]",
            "dependsOn": [
                "[resourceId('Microsoft.Web/sites', parameters('sites_incometracker_vrb_name'))]"
            ]
        },
        {
            "type": "Microsoft.Web/sites/snapshots",
            "apiVersion": "2015-08-01",
            "name": "[concat(parameters('sites_incometracker_vrb_name'), '/2023-07-02T22_25_07_9165563')]",
            "dependsOn": [
                "[resourceId('Microsoft.Web/sites', parameters('sites_incometracker_vrb_name'))]"
            ]
        },
        {
            "type": "Microsoft.Web/sites/snapshots",
            "apiVersion": "2015-08-01",
            "name": "[concat(parameters('sites_incometracker_vrb_name'), '/2023-07-03T01_25_08_2088014')]",
            "dependsOn": [
                "[resourceId('Microsoft.Web/sites', parameters('sites_incometracker_vrb_name'))]"
            ]
        },
        {
            "type": "Microsoft.Web/sites/snapshots",
            "apiVersion": "2015-08-01",
            "name": "[concat(parameters('sites_incometracker_vrb_name'), '/2023-07-03T07_25_08_8138227')]",
            "dependsOn": [
                "[resourceId('Microsoft.Web/sites', parameters('sites_incometracker_vrb_name'))]"
            ]
        },
        {
            "type": "Microsoft.Web/sites/snapshots",
            "apiVersion": "2015-08-01",
            "name": "[concat(parameters('sites_incometracker_vrb_name'), '/2023-07-03T10_25_09_1275455')]",
            "dependsOn": [
                "[resourceId('Microsoft.Web/sites', parameters('sites_incometracker_vrb_name'))]"
            ]
        },
        {
            "type": "Microsoft.Web/sites/snapshots",
            "apiVersion": "2015-08-01",
            "name": "[concat(parameters('sites_incometracker_vrb_name'), '/2023-07-03T13_25_09_6051568')]",
            "dependsOn": [
                "[resourceId('Microsoft.Web/sites', parameters('sites_incometracker_vrb_name'))]"
            ]
        },
        {
            "type": "Microsoft.Web/sites/snapshots",
            "apiVersion": "2015-08-01",
            "name": "[concat(parameters('sites_incometracker_vrb_name'), '/2023-07-03T16_25_09_9034400')]",
            "dependsOn": [
                "[resourceId('Microsoft.Web/sites', parameters('sites_incometracker_vrb_name'))]"
            ]
        },
        {
            "type": "Microsoft.Web/sites/snapshots",
            "apiVersion": "2015-08-01",
            "name": "[concat(parameters('sites_incometracker_vrb_name'), '/2023-07-03T19_25_10_1895861')]",
            "dependsOn": [
                "[resourceId('Microsoft.Web/sites', parameters('sites_incometracker_vrb_name'))]"
            ]
        },
        {
            "type": "Microsoft.Web/sites/snapshots",
            "apiVersion": "2015-08-01",
            "name": "[concat(parameters('sites_incometracker_vrb_name'), '/2023-07-03T22_25_10_5058631')]",
            "dependsOn": [
                "[resourceId('Microsoft.Web/sites', parameters('sites_incometracker_vrb_name'))]"
            ]
        },
        {
            "type": "Microsoft.Web/sites/snapshots",
            "apiVersion": "2015-08-01",
            "name": "[concat(parameters('sites_incometracker_vrb_name'), '/2023-07-04T01_25_10_8073286')]",
            "dependsOn": [
                "[resourceId('Microsoft.Web/sites', parameters('sites_incometracker_vrb_name'))]"
            ]
        },
        {
            "type": "Microsoft.Web/sites/snapshots",
            "apiVersion": "2015-08-01",
            "name": "[concat(parameters('sites_incometracker_vrb_name'), '/2023-07-04T07_25_11_4325036')]",
            "dependsOn": [
                "[resourceId('Microsoft.Web/sites', parameters('sites_incometracker_vrb_name'))]"
            ]
        },
        {
            "type": "Microsoft.Web/sites/snapshots",
            "apiVersion": "2015-08-01",
            "name": "[concat(parameters('sites_incometracker_vrb_name'), '/2023-07-04T10_25_11_7209384')]",
            "dependsOn": [
                "[resourceId('Microsoft.Web/sites', parameters('sites_incometracker_vrb_name'))]"
            ]
        },
        {
            "type": "Microsoft.Web/sites/snapshots",
            "apiVersion": "2015-08-01",
            "name": "[concat(parameters('sites_incometracker_vrb_name'), '/2023-07-04T13_25_12_0337041')]",
            "dependsOn": [
                "[resourceId('Microsoft.Web/sites', parameters('sites_incometracker_vrb_name'))]"
            ]
        },
        {
            "type": "Microsoft.Web/sites/snapshots",
            "apiVersion": "2015-08-01",
            "name": "[concat(parameters('sites_incometracker_vrb_name'), '/2023-07-04T16_25_12_3466451')]",
            "dependsOn": [
                "[resourceId('Microsoft.Web/sites', parameters('sites_incometracker_vrb_name'))]"
            ]
        },
        {
            "type": "Microsoft.Web/sites/snapshots",
            "apiVersion": "2015-08-01",
            "name": "[concat(parameters('sites_incometracker_vrb_name'), '/2023-07-04T19_25_12_6510237')]",
            "dependsOn": [
                "[resourceId('Microsoft.Web/sites', parameters('sites_incometracker_vrb_name'))]"
            ]
        },
        {
            "type": "Microsoft.Web/sites/snapshots",
            "apiVersion": "2015-08-01",
            "name": "[concat(parameters('sites_incometracker_vrb_name'), '/2023-07-04T22_25_12_9757043')]",
            "dependsOn": [
                "[resourceId('Microsoft.Web/sites', parameters('sites_incometracker_vrb_name'))]"
            ]
        },
        {
            "type": "Microsoft.Web/sites/snapshots",
            "apiVersion": "2015-08-01",
            "name": "[concat(parameters('sites_incometracker_vrb_name'), '/2023-07-05T01_25_13_2859008')]",
            "dependsOn": [
                "[resourceId('Microsoft.Web/sites', parameters('sites_incometracker_vrb_name'))]"
            ]
        },
        {
            "type": "Microsoft.Web/sites/snapshots",
            "apiVersion": "2015-08-01",
            "name": "[concat(parameters('sites_incometracker_vrb_name'), '/2023-07-05T07_25_13_9391249')]",
            "dependsOn": [
                "[resourceId('Microsoft.Web/sites', parameters('sites_incometracker_vrb_name'))]"
            ]
        },
        {
            "type": "Microsoft.Web/sites/snapshots",
            "apiVersion": "2015-08-01",
            "name": "[concat(parameters('sites_incometracker_vrb_name'), '/2023-07-05T10_25_14_2167628')]",
            "dependsOn": [
                "[resourceId('Microsoft.Web/sites', parameters('sites_incometracker_vrb_name'))]"
            ]
        },
        {
            "type": "Microsoft.Web/sites/snapshots",
            "apiVersion": "2015-08-01",
            "name": "[concat(parameters('sites_incometracker_vrb_name'), '/2023-07-05T13_25_14_5137192')]",
            "dependsOn": [
                "[resourceId('Microsoft.Web/sites', parameters('sites_incometracker_vrb_name'))]"
            ]
        },
        {
            "type": "Microsoft.Web/sites/snapshots",
            "apiVersion": "2015-08-01",
            "name": "[concat(parameters('sites_incometracker_vrb_name'), '/2023-07-05T16_25_14_8107085')]",
            "dependsOn": [
                "[resourceId('Microsoft.Web/sites', parameters('sites_incometracker_vrb_name'))]"
            ]
        },
        {
            "type": "Microsoft.Web/sites/snapshots",
            "apiVersion": "2015-08-01",
            "name": "[concat(parameters('sites_incometracker_vrb_name'), '/2023-07-05T19_25_15_1067786')]",
            "dependsOn": [
                "[resourceId('Microsoft.Web/sites', parameters('sites_incometracker_vrb_name'))]"
            ]
        },
        {
            "type": "Microsoft.Web/sites/snapshots",
            "apiVersion": "2015-08-01",
            "name": "[concat(parameters('sites_incometracker_vrb_name'), '/2023-07-05T22_25_15_4251484')]",
            "dependsOn": [
                "[resourceId('Microsoft.Web/sites', parameters('sites_incometracker_vrb_name'))]"
            ]
        },
        {
            "type": "Microsoft.Web/sites/snapshots",
            "apiVersion": "2015-08-01",
            "name": "[concat(parameters('sites_incometracker_vrb_name'), '/2023-07-06T01_25_15_7443917')]",
            "dependsOn": [
                "[resourceId('Microsoft.Web/sites', parameters('sites_incometracker_vrb_name'))]"
            ]
        },
        {
            "type": "Microsoft.Web/sites/snapshots",
            "apiVersion": "2015-08-01",
            "name": "[concat(parameters('sites_incometracker_vrb_name'), '/2023-07-06T07_25_16_3784571')]",
            "dependsOn": [
                "[resourceId('Microsoft.Web/sites', parameters('sites_incometracker_vrb_name'))]"
            ]
        },
        {
            "type": "Microsoft.Web/sites/snapshots",
            "apiVersion": "2015-08-01",
            "name": "[concat(parameters('sites_incometracker_vrb_name'), '/2023-07-06T10_25_16_6530971')]",
            "dependsOn": [
                "[resourceId('Microsoft.Web/sites', parameters('sites_incometracker_vrb_name'))]"
            ]
        },
        {
            "type": "Microsoft.Web/sites/snapshots",
            "apiVersion": "2015-08-01",
            "name": "[concat(parameters('sites_incometracker_vrb_name'), '/2023-07-06T13_25_16_9629261')]",
            "dependsOn": [
                "[resourceId('Microsoft.Web/sites', parameters('sites_incometracker_vrb_name'))]"
            ]
        },
        {
            "type": "Microsoft.Web/sites/snapshots",
            "apiVersion": "2015-08-01",
            "name": "[concat(parameters('sites_incometracker_vrb_name'), '/2023-07-06T16_25_17_3538269')]",
            "dependsOn": [
                "[resourceId('Microsoft.Web/sites', parameters('sites_incometracker_vrb_name'))]"
            ]
        },
        {
            "type": "Microsoft.Web/sites/snapshots",
            "apiVersion": "2015-08-01",
            "name": "[concat(parameters('sites_incometracker_vrb_name'), '/2023-07-06T19_25_17_5912754')]",
            "dependsOn": [
                "[resourceId('Microsoft.Web/sites', parameters('sites_incometracker_vrb_name'))]"
            ]
        },
        {
            "type": "Microsoft.Web/sites/snapshots",
            "apiVersion": "2015-08-01",
            "name": "[concat(parameters('sites_incometracker_vrb_name'), '/2023-07-06T22_25_17_8906103')]",
            "dependsOn": [
                "[resourceId('Microsoft.Web/sites', parameters('sites_incometracker_vrb_name'))]"
            ]
        },
        {
            "type": "Microsoft.Web/sites/snapshots",
            "apiVersion": "2015-08-01",
            "name": "[concat(parameters('sites_incometracker_vrb_name'), '/2023-07-07T01_25_18_1998753')]",
            "dependsOn": [
                "[resourceId('Microsoft.Web/sites', parameters('sites_incometracker_vrb_name'))]"
            ]
        },
        {
            "type": "Microsoft.Web/sites/snapshots",
            "apiVersion": "2015-08-01",
            "name": "[concat(parameters('sites_incometracker_vrb_name'), '/2023-07-07T07_25_18_8491104')]",
            "dependsOn": [
                "[resourceId('Microsoft.Web/sites', parameters('sites_incometracker_vrb_name'))]"
            ]
        },
        {
            "type": "Microsoft.Web/sites/snapshots",
            "apiVersion": "2015-08-01",
            "name": "[concat(parameters('sites_incometracker_vrb_name'), '/2023-07-07T10_25_19_1113625')]",
            "dependsOn": [
                "[resourceId('Microsoft.Web/sites', parameters('sites_incometracker_vrb_name'))]"
            ]
        },
        {
            "type": "Microsoft.Web/sites/snapshots",
            "apiVersion": "2015-08-01",
            "name": "[concat(parameters('sites_incometracker_vrb_name'), '/2023-07-07T13_25_19_3984353')]",
            "dependsOn": [
                "[resourceId('Microsoft.Web/sites', parameters('sites_incometracker_vrb_name'))]"
            ]
        },
        {
            "type": "Microsoft.Web/sites/snapshots",
            "apiVersion": "2015-08-01",
            "name": "[concat(parameters('sites_incometracker_vrb_name'), '/2023-07-07T16_25_19_6828237')]",
            "dependsOn": [
                "[resourceId('Microsoft.Web/sites', parameters('sites_incometracker_vrb_name'))]"
            ]
        },
        {
            "type": "Microsoft.Web/sites/snapshots",
            "apiVersion": "2015-08-01",
            "name": "[concat(parameters('sites_incometracker_vrb_name'), '/2023-07-07T19_25_19_9953066')]",
            "dependsOn": [
                "[resourceId('Microsoft.Web/sites', parameters('sites_incometracker_vrb_name'))]"
            ]
        },
        {
            "type": "Microsoft.Web/sites/snapshots",
            "apiVersion": "2015-08-01",
            "name": "[concat(parameters('sites_incometracker_vrb_name'), '/2023-07-07T22_25_20_2792017')]",
            "dependsOn": [
                "[resourceId('Microsoft.Web/sites', parameters('sites_incometracker_vrb_name'))]"
            ]
        },
        {
            "type": "Microsoft.Web/sites/snapshots",
            "apiVersion": "2015-08-01",
            "name": "[concat(parameters('sites_incometracker_vrb_name'), '/2023-07-08T01_25_20_5863333')]",
            "dependsOn": [
                "[resourceId('Microsoft.Web/sites', parameters('sites_incometracker_vrb_name'))]"
            ]
        },
        {
            "type": "Microsoft.Web/sites/snapshots",
            "apiVersion": "2015-08-01",
            "name": "[concat(parameters('sites_incometracker_vrb_name'), '/2023-07-08T07_25_21_1924501')]",
            "dependsOn": [
                "[resourceId('Microsoft.Web/sites', parameters('sites_incometracker_vrb_name'))]"
            ]
        },
        {
            "type": "Microsoft.Web/sites/snapshots",
            "apiVersion": "2015-08-01",
            "name": "[concat(parameters('sites_incometracker_vrb_name'), '/2023-07-08T10_25_21_5088984')]",
            "dependsOn": [
                "[resourceId('Microsoft.Web/sites', parameters('sites_incometracker_vrb_name'))]"
            ]
        },
        {
            "type": "Microsoft.Web/sites/snapshots",
            "apiVersion": "2015-08-01",
            "name": "[concat(parameters('sites_incometracker_vrb_name'), '/2023-07-08T13_25_21_7894774')]",
            "dependsOn": [
                "[resourceId('Microsoft.Web/sites', parameters('sites_incometracker_vrb_name'))]"
            ]
        },
        {
            "type": "Microsoft.Web/sites/snapshots",
            "apiVersion": "2015-08-01",
            "name": "[concat(parameters('sites_incometracker_vrb_name'), '/2023-07-08T16_25_22_0989275')]",
            "dependsOn": [
                "[resourceId('Microsoft.Web/sites', parameters('sites_incometracker_vrb_name'))]"
            ]
        },
        {
            "type": "Microsoft.Web/sites/snapshots",
            "apiVersion": "2015-08-01",
            "name": "[concat(parameters('sites_incometracker_vrb_name'), '/2023-07-08T19_25_22_4067840')]",
            "dependsOn": [
                "[resourceId('Microsoft.Web/sites', parameters('sites_incometracker_vrb_name'))]"
            ]
        },
        {
            "type": "Microsoft.Web/sites/snapshots",
            "apiVersion": "2015-08-01",
            "name": "[concat(parameters('sites_incometracker_vrb_name'), '/2023-07-08T22_25_22_7093429')]",
            "dependsOn": [
                "[resourceId('Microsoft.Web/sites', parameters('sites_incometracker_vrb_name'))]"
            ]
        },
        {
            "type": "Microsoft.Web/sites/snapshots",
            "apiVersion": "2015-08-01",
            "name": "[concat(parameters('sites_incometracker_vrb_name'), '/2023-07-09T01_25_23_0137116')]",
            "dependsOn": [
                "[resourceId('Microsoft.Web/sites', parameters('sites_incometracker_vrb_name'))]"
            ]
        },
        {
            "type": "Microsoft.Web/sites/snapshots",
            "apiVersion": "2015-08-01",
            "name": "[concat(parameters('sites_incometracker_vrb_name'), '/2023-07-09T07_25_23_6138058')]",
            "dependsOn": [
                "[resourceId('Microsoft.Web/sites', parameters('sites_incometracker_vrb_name'))]"
            ]
        },
        {
            "type": "Microsoft.Web/sites/snapshots",
            "apiVersion": "2015-08-01",
            "name": "[concat(parameters('sites_incometracker_vrb_name'), '/2023-07-09T08_25_23_7029007')]",
            "dependsOn": [
                "[resourceId('Microsoft.Web/sites', parameters('sites_incometracker_vrb_name'))]"
            ]
        },
        {
            "type": "Microsoft.Web/sites/snapshots",
            "apiVersion": "2015-08-01",
            "name": "[concat(parameters('sites_incometracker_vrb_name'), '/2023-07-09T09_25_23_7998083')]",
            "dependsOn": [
                "[resourceId('Microsoft.Web/sites', parameters('sites_incometracker_vrb_name'))]"
            ]
        },
        {
            "type": "Microsoft.Web/sites/snapshots",
            "apiVersion": "2015-08-01",
            "name": "[concat(parameters('sites_incometracker_vrb_name'), '/2023-07-09T10_25_23_8969937')]",
            "dependsOn": [
                "[resourceId('Microsoft.Web/sites', parameters('sites_incometracker_vrb_name'))]"
            ]
        },
        {
            "type": "Microsoft.Web/sites/snapshots",
            "apiVersion": "2015-08-01",
            "name": "[concat(parameters('sites_incometracker_vrb_name'), '/2023-07-09T11_25_24_0024757')]",
            "dependsOn": [
                "[resourceId('Microsoft.Web/sites', parameters('sites_incometracker_vrb_name'))]"
            ]
        },
        {
            "type": "Microsoft.Web/sites/snapshots",
            "apiVersion": "2015-08-01",
            "name": "[concat(parameters('sites_incometracker_vrb_name'), '/2023-07-09T12_25_24_1038164')]",
            "dependsOn": [
                "[resourceId('Microsoft.Web/sites', parameters('sites_incometracker_vrb_name'))]"
            ]
        },
        {
            "type": "Microsoft.Web/sites/snapshots",
            "apiVersion": "2015-08-01",
            "name": "[concat(parameters('sites_incometracker_vrb_name'), '/2023-07-09T13_25_24_1955706')]",
            "dependsOn": [
                "[resourceId('Microsoft.Web/sites', parameters('sites_incometracker_vrb_name'))]"
            ]
        },
        {
            "type": "Microsoft.Web/sites/snapshots",
            "apiVersion": "2015-08-01",
            "name": "[concat(parameters('sites_incometracker_vrb_name'), '/2023-07-09T14_25_24_2937764')]",
            "dependsOn": [
                "[resourceId('Microsoft.Web/sites', parameters('sites_incometracker_vrb_name'))]"
            ]
        },
        {
            "type": "Microsoft.Web/sites/snapshots",
            "apiVersion": "2015-08-01",
            "name": "[concat(parameters('sites_incometracker_vrb_name'), '/2023-07-09T15_25_24_3874242')]",
            "dependsOn": [
                "[resourceId('Microsoft.Web/sites', parameters('sites_incometracker_vrb_name'))]"
            ]
        },
        {
            "type": "Microsoft.Web/sites/snapshots",
            "apiVersion": "2015-08-01",
            "name": "[concat(parameters('sites_incometracker_vrb_name'), '/2023-07-09T16_25_24_4785461')]",
            "dependsOn": [
                "[resourceId('Microsoft.Web/sites', parameters('sites_incometracker_vrb_name'))]"
            ]
        },
        {
            "type": "Microsoft.Web/sites/snapshots",
            "apiVersion": "2015-08-01",
            "name": "[concat(parameters('sites_incometracker_vrb_name'), '/2023-07-09T17_25_24_5814280')]",
            "dependsOn": [
                "[resourceId('Microsoft.Web/sites', parameters('sites_incometracker_vrb_name'))]"
            ]
        },
        {
            "type": "Microsoft.Web/sites/snapshots",
            "apiVersion": "2015-08-01",
            "name": "[concat(parameters('sites_incometracker_vrb_name'), '/2023-07-09T18_25_24_7256974')]",
            "dependsOn": [
                "[resourceId('Microsoft.Web/sites', parameters('sites_incometracker_vrb_name'))]"
            ]
        },
        {
            "type": "Microsoft.Web/sites/snapshots",
            "apiVersion": "2015-08-01",
            "name": "[concat(parameters('sites_incometracker_vrb_name'), '/2023-07-09T19_25_24_7970873')]",
            "dependsOn": [
                "[resourceId('Microsoft.Web/sites', parameters('sites_incometracker_vrb_name'))]"
            ]
        },
        {
            "type": "Microsoft.Web/sites/snapshots",
            "apiVersion": "2015-08-01",
            "name": "[concat(parameters('sites_incometracker_vrb_name'), '/2023-07-09T20_25_24_8962707')]",
            "dependsOn": [
                "[resourceId('Microsoft.Web/sites', parameters('sites_incometracker_vrb_name'))]"
            ]
        },
        {
            "type": "Microsoft.Web/sites/snapshots",
            "apiVersion": "2015-08-01",
            "name": "[concat(parameters('sites_incometracker_vrb_name'), '/2023-07-09T21_25_25_0049504')]",
            "dependsOn": [
                "[resourceId('Microsoft.Web/sites', parameters('sites_incometracker_vrb_name'))]"
            ]
        },
        {
            "type": "Microsoft.Web/sites/snapshots",
            "apiVersion": "2015-08-01",
            "name": "[concat(parameters('sites_incometracker_vrb_name'), '/2023-07-09T22_25_25_1024736')]",
            "dependsOn": [
                "[resourceId('Microsoft.Web/sites', parameters('sites_incometracker_vrb_name'))]"
            ]
        },
        {
            "type": "Microsoft.Web/sites/snapshots",
            "apiVersion": "2015-08-01",
            "name": "[concat(parameters('sites_incometracker_vrb_name'), '/2023-07-09T23_25_25_2125431')]",
            "dependsOn": [
                "[resourceId('Microsoft.Web/sites', parameters('sites_incometracker_vrb_name'))]"
            ]
        },
        {
            "type": "Microsoft.Web/sites/snapshots",
            "apiVersion": "2015-08-01",
            "name": "[concat(parameters('sites_incometracker_vrb_name'), '/2023-07-10T00_25_25_3195292')]",
            "dependsOn": [
                "[resourceId('Microsoft.Web/sites', parameters('sites_incometracker_vrb_name'))]"
            ]
        },
        {
            "type": "Microsoft.Web/sites/snapshots",
            "apiVersion": "2015-08-01",
            "name": "[concat(parameters('sites_incometracker_vrb_name'), '/2023-07-10T01_25_25_4203237')]",
            "dependsOn": [
                "[resourceId('Microsoft.Web/sites', parameters('sites_incometracker_vrb_name'))]"
            ]
        },
        {
            "type": "Microsoft.Web/sites/snapshots",
            "apiVersion": "2015-08-01",
            "name": "[concat(parameters('sites_incometracker_vrb_name'), '/2023-07-10T02_25_25_5190533')]",
            "dependsOn": [
                "[resourceId('Microsoft.Web/sites', parameters('sites_incometracker_vrb_name'))]"
            ]
        },
        {
            "type": "Microsoft.Web/sites/snapshots",
            "apiVersion": "2015-08-01",
            "name": "[concat(parameters('sites_incometracker_vrb_name'), '/2023-07-10T03_25_25_6583962')]",
            "dependsOn": [
                "[resourceId('Microsoft.Web/sites', parameters('sites_incometracker_vrb_name'))]"
            ]
        },
        {
            "type": "Microsoft.Web/sites/snapshots",
            "apiVersion": "2015-08-01",
            "name": "[concat(parameters('sites_incometracker_vrb_name'), '/2023-07-10T04_25_25_7028969')]",
            "dependsOn": [
                "[resourceId('Microsoft.Web/sites', parameters('sites_incometracker_vrb_name'))]"
            ]
        },
        {
            "type": "Microsoft.Web/sites/snapshots",
            "apiVersion": "2015-08-01",
            "name": "[concat(parameters('sites_incometracker_vrb_name'), '/2023-07-10T05_25_25_8287350')]",
            "dependsOn": [
                "[resourceId('Microsoft.Web/sites', parameters('sites_incometracker_vrb_name'))]"
            ]
        },
        {
            "type": "Microsoft.Web/sites/snapshots",
            "apiVersion": "2015-08-01",
            "name": "[concat(parameters('sites_incometracker_vrb_name'), '/2023-07-10T06_25_25_9140698')]",
            "dependsOn": [
                "[resourceId('Microsoft.Web/sites', parameters('sites_incometracker_vrb_name'))]"
            ]
        },
        {
            "type": "Microsoft.Web/sites/snapshots",
            "apiVersion": "2015-08-01",
            "name": "[concat(parameters('sites_incometracker_vrb_name'), '/2023-07-10T07_25_26_0361897')]",
            "dependsOn": [
                "[resourceId('Microsoft.Web/sites', parameters('sites_incometracker_vrb_name'))]"
            ]
        },
        {
            "type": "Microsoft.Web/sites/snapshots",
            "apiVersion": "2015-08-01",
            "name": "[concat(parameters('sites_incometracker_vrb_name'), '/2023-07-10T08_25_26_1130765')]",
            "dependsOn": [
                "[resourceId('Microsoft.Web/sites', parameters('sites_incometracker_vrb_name'))]"
            ]
        },
        {
            "type": "Microsoft.Web/sites/snapshots",
            "apiVersion": "2015-08-01",
            "name": "[concat(parameters('sites_incometracker_vrb_name'), '/2023-07-10T09_25_26_1908250')]",
            "dependsOn": [
                "[resourceId('Microsoft.Web/sites', parameters('sites_incometracker_vrb_name'))]"
            ]
        },
        {
            "type": "Microsoft.Web/sites/snapshots",
            "apiVersion": "2015-08-01",
            "name": "[concat(parameters('sites_incometracker_vrb_name'), '/2023-07-10T10_25_26_3031346')]",
            "dependsOn": [
                "[resourceId('Microsoft.Web/sites', parameters('sites_incometracker_vrb_name'))]"
            ]
        },
        {
            "type": "Microsoft.Web/sites/snapshots",
            "apiVersion": "2015-08-01",
            "name": "[concat(parameters('sites_incometracker_vrb_name'), '/2023-07-10T11_25_26_3939487')]",
            "dependsOn": [
                "[resourceId('Microsoft.Web/sites', parameters('sites_incometracker_vrb_name'))]"
            ]
        },
        {
            "type": "Microsoft.Web/sites/snapshots",
            "apiVersion": "2015-08-01",
            "name": "[concat(parameters('sites_incometracker_vrb_name'), '/2023-07-10T12_25_26_5157980')]",
            "dependsOn": [
                "[resourceId('Microsoft.Web/sites', parameters('sites_incometracker_vrb_name'))]"
            ]
        },
        {
            "type": "Microsoft.Web/sites/snapshots",
            "apiVersion": "2015-08-01",
            "name": "[concat(parameters('sites_incometracker_vrb_name'), '/2023-07-10T13_25_26_6155646')]",
            "dependsOn": [
                "[resourceId('Microsoft.Web/sites', parameters('sites_incometracker_vrb_name'))]"
            ]
        },
        {
            "type": "Microsoft.Web/sites/snapshots",
            "apiVersion": "2015-08-01",
            "name": "[concat(parameters('sites_incometracker_vrb_name'), '/2023-07-10T14_25_26_7631302')]",
            "dependsOn": [
                "[resourceId('Microsoft.Web/sites', parameters('sites_incometracker_vrb_name'))]"
            ]
        },
        {
            "type": "Microsoft.Web/sites/snapshots",
            "apiVersion": "2015-08-01",
            "name": "[concat(parameters('sites_incometracker_vrb_name'), '/2023-07-10T15_25_26_8589721')]",
            "dependsOn": [
                "[resourceId('Microsoft.Web/sites', parameters('sites_incometracker_vrb_name'))]"
            ]
        },
        {
            "type": "Microsoft.Web/sites/snapshots",
            "apiVersion": "2015-08-01",
            "name": "[concat(parameters('sites_incometracker_vrb_name'), '/2023-07-10T16_25_26_9157045')]",
            "dependsOn": [
                "[resourceId('Microsoft.Web/sites', parameters('sites_incometracker_vrb_name'))]"
            ]
        },
        {
            "type": "Microsoft.Web/sites/snapshots",
            "apiVersion": "2015-08-01",
            "name": "[concat(parameters('sites_incometracker_vrb_name'), '/2023-07-10T17_25_27_0275593')]",
            "dependsOn": [
                "[resourceId('Microsoft.Web/sites', parameters('sites_incometracker_vrb_name'))]"
            ]
        },
        {
            "type": "Microsoft.Web/sites/snapshots",
            "apiVersion": "2015-08-01",
            "name": "[concat(parameters('sites_incometracker_vrb_name'), '/2023-07-10T18_25_27_1154854')]",
            "dependsOn": [
                "[resourceId('Microsoft.Web/sites', parameters('sites_incometracker_vrb_name'))]"
            ]
        },
        {
            "type": "Microsoft.Web/sites/snapshots",
            "apiVersion": "2015-08-01",
            "name": "[concat(parameters('sites_incometracker_vrb_name'), '/2023-07-10T19_25_27_2328151')]",
            "dependsOn": [
                "[resourceId('Microsoft.Web/sites', parameters('sites_incometracker_vrb_name'))]"
            ]
        },
        {
            "type": "Microsoft.Web/sites/snapshots",
            "apiVersion": "2015-08-01",
            "name": "[concat(parameters('sites_incometracker_vrb_name'), '/2023-07-10T20_25_27_3462659')]",
            "dependsOn": [
                "[resourceId('Microsoft.Web/sites', parameters('sites_incometracker_vrb_name'))]"
            ]
        },
        {
            "type": "Microsoft.Web/sites/snapshots",
            "apiVersion": "2015-08-01",
            "name": "[concat(parameters('sites_incometracker_vrb_name'), '/2023-07-10T21_25_27_5037869')]",
            "dependsOn": [
                "[resourceId('Microsoft.Web/sites', parameters('sites_incometracker_vrb_name'))]"
            ]
        },
        {
            "type": "Microsoft.Web/sites/snapshots",
            "apiVersion": "2015-08-01",
            "name": "[concat(parameters('sites_incometracker_vrb_name'), '/2023-07-10T22_25_27_5476513')]",
            "dependsOn": [
                "[resourceId('Microsoft.Web/sites', parameters('sites_incometracker_vrb_name'))]"
            ]
        },
        {
            "type": "Microsoft.Web/sites/snapshots",
            "apiVersion": "2015-08-01",
            "name": "[concat(parameters('sites_incometracker_vrb_name'), '/2023-07-10T23_25_27_6093247')]",
            "dependsOn": [
                "[resourceId('Microsoft.Web/sites', parameters('sites_incometracker_vrb_name'))]"
            ]
        },
        {
            "type": "Microsoft.Web/sites/snapshots",
            "apiVersion": "2015-08-01",
            "name": "[concat(parameters('sites_incometracker_vrb_name'), '/2023-07-11T00_25_27_7247913')]",
            "dependsOn": [
                "[resourceId('Microsoft.Web/sites', parameters('sites_incometracker_vrb_name'))]"
            ]
        },
        {
            "type": "Microsoft.Web/sites/snapshots",
            "apiVersion": "2015-08-01",
            "name": "[concat(parameters('sites_incometracker_vrb_name'), '/2023-07-11T01_25_27_8168480')]",
            "dependsOn": [
                "[resourceId('Microsoft.Web/sites', parameters('sites_incometracker_vrb_name'))]"
            ]
        },
        {
            "type": "Microsoft.Web/sites/snapshots",
            "apiVersion": "2015-08-01",
            "name": "[concat(parameters('sites_incometracker_vrb_name'), '/2023-07-11T02_25_27_9171762')]",
            "dependsOn": [
                "[resourceId('Microsoft.Web/sites', parameters('sites_incometracker_vrb_name'))]"
            ]
        },
        {
            "type": "Microsoft.Web/sites/snapshots",
            "apiVersion": "2015-08-01",
            "name": "[concat(parameters('sites_incometracker_vrb_name'), '/2023-07-11T03_25_28_0329850')]",
            "dependsOn": [
                "[resourceId('Microsoft.Web/sites', parameters('sites_incometracker_vrb_name'))]"
            ]
        },
        {
            "type": "Microsoft.Web/sites/snapshots",
            "apiVersion": "2015-08-01",
            "name": "[concat(parameters('sites_incometracker_vrb_name'), '/2023-07-11T04_25_28_1341213')]",
            "dependsOn": [
                "[resourceId('Microsoft.Web/sites', parameters('sites_incometracker_vrb_name'))]"
            ]
        },
        {
            "type": "Microsoft.Web/sites/snapshots",
            "apiVersion": "2015-08-01",
            "name": "[concat(parameters('sites_incometracker_vrb_name'), '/2023-07-11T05_25_28_2294514')]",
            "dependsOn": [
                "[resourceId('Microsoft.Web/sites', parameters('sites_incometracker_vrb_name'))]"
            ]
        },
        {
            "type": "Microsoft.Web/sites/snapshots",
            "apiVersion": "2015-08-01",
            "name": "[concat(parameters('sites_incometracker_vrb_name'), '/2023-07-11T06_25_28_3576876')]",
            "dependsOn": [
                "[resourceId('Microsoft.Web/sites', parameters('sites_incometracker_vrb_name'))]"
            ]
        },
        {
            "type": "Microsoft.Web/sites/snapshots",
            "apiVersion": "2015-08-01",
            "name": "[concat(parameters('sites_incometracker_vrb_name'), '/2023-07-11T07_25_28_4454475')]",
            "dependsOn": [
                "[resourceId('Microsoft.Web/sites', parameters('sites_incometracker_vrb_name'))]"
            ]
        },
        {
            "type": "Microsoft.Web/sites/snapshots",
            "apiVersion": "2015-08-01",
            "name": "[concat(parameters('sites_incometracker_vrb_name'), '/2023-07-11T08_25_28_5478950')]",
            "dependsOn": [
                "[resourceId('Microsoft.Web/sites', parameters('sites_incometracker_vrb_name'))]"
            ]
        },
        {
            "type": "Microsoft.Web/sites/snapshots",
            "apiVersion": "2015-08-01",
            "name": "[concat(parameters('sites_incometracker_vrb_name'), '/2023-07-11T09_25_28_6862452')]",
            "dependsOn": [
                "[resourceId('Microsoft.Web/sites', parameters('sites_incometracker_vrb_name'))]"
            ]
        },
        {
            "type": "Microsoft.Web/sites/snapshots",
            "apiVersion": "2015-08-01",
            "name": "[concat(parameters('sites_incometracker_vrb_name'), '/2023-07-11T10_25_28_7561572')]",
            "dependsOn": [
                "[resourceId('Microsoft.Web/sites', parameters('sites_incometracker_vrb_name'))]"
            ]
        },
        {
            "type": "Microsoft.Web/sites/snapshots",
            "apiVersion": "2015-08-01",
            "name": "[concat(parameters('sites_incometracker_vrb_name'), '/2023-07-11T11_25_28_8573741')]",
            "dependsOn": [
                "[resourceId('Microsoft.Web/sites', parameters('sites_incometracker_vrb_name'))]"
            ]
        },
        {
            "type": "Microsoft.Web/sites/snapshots",
            "apiVersion": "2015-08-01",
            "name": "[concat(parameters('sites_incometracker_vrb_name'), '/2023-07-11T12_25_29_0018207')]",
            "dependsOn": [
                "[resourceId('Microsoft.Web/sites', parameters('sites_incometracker_vrb_name'))]"
            ]
        },
        {
            "type": "Microsoft.Web/sites/snapshots",
            "apiVersion": "2015-08-01",
            "name": "[concat(parameters('sites_incometracker_vrb_name'), '/2023-07-11T13_25_29_0756664')]",
            "dependsOn": [
                "[resourceId('Microsoft.Web/sites', parameters('sites_incometracker_vrb_name'))]"
            ]
        },
        {
            "type": "Microsoft.Web/sites/snapshots",
            "apiVersion": "2015-08-01",
            "name": "[concat(parameters('sites_incometracker_vrb_name'), '/2023-07-11T14_25_29_1774347')]",
            "dependsOn": [
                "[resourceId('Microsoft.Web/sites', parameters('sites_incometracker_vrb_name'))]"
            ]
        },
        {
            "type": "Microsoft.Web/sites/snapshots",
            "apiVersion": "2015-08-01",
            "name": "[concat(parameters('sites_incometracker_vrb_name'), '/2023-07-11T15_25_29_2781575')]",
            "dependsOn": [
                "[resourceId('Microsoft.Web/sites', parameters('sites_incometracker_vrb_name'))]"
            ]
        },
        {
            "type": "Microsoft.Web/sites/snapshots",
            "apiVersion": "2015-08-01",
            "name": "[concat(parameters('sites_incometracker_vrb_name'), '/2023-07-11T16_25_29_3498317')]",
            "dependsOn": [
                "[resourceId('Microsoft.Web/sites', parameters('sites_incometracker_vrb_name'))]"
            ]
        },
        {
            "type": "Microsoft.Web/sites/snapshots",
            "apiVersion": "2015-08-01",
            "name": "[concat(parameters('sites_incometracker_vrb_name'), '/2023-07-11T17_25_29_4632134')]",
            "dependsOn": [
                "[resourceId('Microsoft.Web/sites', parameters('sites_incometracker_vrb_name'))]"
            ]
        },
        {
            "type": "Microsoft.Web/sites/snapshots",
            "apiVersion": "2015-08-01",
            "name": "[concat(parameters('sites_incometracker_vrb_name'), '/2023-07-11T18_25_29_5695067')]",
            "dependsOn": [
                "[resourceId('Microsoft.Web/sites', parameters('sites_incometracker_vrb_name'))]"
            ]
        },
        {
            "type": "Microsoft.Web/sites/snapshots",
            "apiVersion": "2015-08-01",
            "name": "[concat(parameters('sites_incometracker_vrb_name'), '/2023-07-11T19_25_29_6609153')]",
            "dependsOn": [
                "[resourceId('Microsoft.Web/sites', parameters('sites_incometracker_vrb_name'))]"
            ]
        },
        {
            "type": "Microsoft.Web/sites/snapshots",
            "apiVersion": "2015-08-01",
            "name": "[concat(parameters('sites_incometracker_vrb_name'), '/2023-07-11T20_25_29_7630291')]",
            "dependsOn": [
                "[resourceId('Microsoft.Web/sites', parameters('sites_incometracker_vrb_name'))]"
            ]
        },
        {
            "type": "Microsoft.Web/sites/snapshots",
            "apiVersion": "2015-08-01",
            "name": "[concat(parameters('sites_incometracker_vrb_name'), '/2023-07-11T21_25_29_8675671')]",
            "dependsOn": [
                "[resourceId('Microsoft.Web/sites', parameters('sites_incometracker_vrb_name'))]"
            ]
        },
        {
            "type": "Microsoft.Web/sites/snapshots",
            "apiVersion": "2015-08-01",
            "name": "[concat(parameters('sites_incometracker_vrb_name'), '/2023-07-11T22_25_29_9652070')]",
            "dependsOn": [
                "[resourceId('Microsoft.Web/sites', parameters('sites_incometracker_vrb_name'))]"
            ]
        },
        {
            "type": "Microsoft.Web/sites/snapshots",
            "apiVersion": "2015-08-01",
            "name": "[concat(parameters('sites_incometracker_vrb_name'), '/2023-07-11T23_25_30_0754540')]",
            "dependsOn": [
                "[resourceId('Microsoft.Web/sites', parameters('sites_incometracker_vrb_name'))]"
            ]
        },
        {
            "type": "Microsoft.Web/sites/snapshots",
            "apiVersion": "2015-08-01",
            "name": "[concat(parameters('sites_incometracker_vrb_name'), '/2023-07-12T00_25_30_1753748')]",
            "dependsOn": [
                "[resourceId('Microsoft.Web/sites', parameters('sites_incometracker_vrb_name'))]"
            ]
        },
        {
            "type": "Microsoft.Web/sites/snapshots",
            "apiVersion": "2015-08-01",
            "name": "[concat(parameters('sites_incometracker_vrb_name'), '/2023-07-12T01_25_30_2907545')]",
            "dependsOn": [
                "[resourceId('Microsoft.Web/sites', parameters('sites_incometracker_vrb_name'))]"
            ]
        },
        {
            "type": "Microsoft.Web/sites/snapshots",
            "apiVersion": "2015-08-01",
            "name": "[concat(parameters('sites_incometracker_vrb_name'), '/2023-07-12T02_25_30_3877931')]",
            "dependsOn": [
                "[resourceId('Microsoft.Web/sites', parameters('sites_incometracker_vrb_name'))]"
            ]
        },
        {
            "type": "Microsoft.Web/sites/snapshots",
            "apiVersion": "2015-08-01",
            "name": "[concat(parameters('sites_incometracker_vrb_name'), '/2023-07-12T03_25_30_5094627')]",
            "dependsOn": [
                "[resourceId('Microsoft.Web/sites', parameters('sites_incometracker_vrb_name'))]"
            ]
        },
        {
            "type": "Microsoft.Web/sites/snapshots",
            "apiVersion": "2015-08-01",
            "name": "[concat(parameters('sites_incometracker_vrb_name'), '/2023-07-12T04_25_30_5945480')]",
            "dependsOn": [
                "[resourceId('Microsoft.Web/sites', parameters('sites_incometracker_vrb_name'))]"
            ]
        },
        {
            "type": "Microsoft.Web/sites/snapshots",
            "apiVersion": "2015-08-01",
            "name": "[concat(parameters('sites_incometracker_vrb_name'), '/2023-07-12T05_25_30_7177017')]",
            "dependsOn": [
                "[resourceId('Microsoft.Web/sites', parameters('sites_incometracker_vrb_name'))]"
            ]
        },
        {
            "type": "Microsoft.Web/sites/snapshots",
            "apiVersion": "2015-08-01",
            "name": "[concat(parameters('sites_incometracker_vrb_name'), '/2023-07-12T06_25_30_7953275')]",
            "dependsOn": [
                "[resourceId('Microsoft.Web/sites', parameters('sites_incometracker_vrb_name'))]"
            ]
        },
        {
            "type": "Microsoft.Web/sites/snapshots",
            "apiVersion": "2015-08-01",
            "name": "[concat(parameters('sites_incometracker_vrb_name'), '/2023-07-12T07_25_30_8904855')]",
            "dependsOn": [
                "[resourceId('Microsoft.Web/sites', parameters('sites_incometracker_vrb_name'))]"
            ]
        },
        {
            "type": "Microsoft.Web/sites/snapshots",
            "apiVersion": "2015-08-01",
            "name": "[concat(parameters('sites_incometracker_vrb_name'), '/2023-07-12T08_25_31_0013380')]",
            "dependsOn": [
                "[resourceId('Microsoft.Web/sites', parameters('sites_incometracker_vrb_name'))]"
            ]
        },
        {
            "type": "Microsoft.Web/sites/snapshots",
            "apiVersion": "2015-08-01",
            "name": "[concat(parameters('sites_incometracker_vrb_name'), '/2023-07-12T09_25_31_1258899')]",
            "dependsOn": [
                "[resourceId('Microsoft.Web/sites', parameters('sites_incometracker_vrb_name'))]"
            ]
        },
        {
            "type": "Microsoft.Web/sites/snapshots",
            "apiVersion": "2015-08-01",
            "name": "[concat(parameters('sites_incometracker_vrb_name'), '/2023-07-12T10_25_31_2332518')]",
            "dependsOn": [
                "[resourceId('Microsoft.Web/sites', parameters('sites_incometracker_vrb_name'))]"
            ]
        },
        {
            "type": "Microsoft.Web/sites/snapshots",
            "apiVersion": "2015-08-01",
            "name": "[concat(parameters('sites_incometracker_vrb_name'), '/2023-07-12T11_25_31_2942966')]",
            "dependsOn": [
                "[resourceId('Microsoft.Web/sites', parameters('sites_incometracker_vrb_name'))]"
            ]
        },
        {
            "type": "Microsoft.Web/sites/snapshots",
            "apiVersion": "2015-08-01",
            "name": "[concat(parameters('sites_incometracker_vrb_name'), '/2023-07-12T12_25_31_4034041')]",
            "dependsOn": [
                "[resourceId('Microsoft.Web/sites', parameters('sites_incometracker_vrb_name'))]"
            ]
        },
        {
            "type": "Microsoft.Web/sites/snapshots",
            "apiVersion": "2015-08-01",
            "name": "[concat(parameters('sites_incometracker_vrb_name'), '/2023-07-12T13_25_31_4964004')]",
            "dependsOn": [
                "[resourceId('Microsoft.Web/sites', parameters('sites_incometracker_vrb_name'))]"
            ]
        },
        {
            "type": "Microsoft.Web/sites/snapshots",
            "apiVersion": "2015-08-01",
            "name": "[concat(parameters('sites_incometracker_vrb_name'), '/2023-07-12T14_25_31_5944166')]",
            "dependsOn": [
                "[resourceId('Microsoft.Web/sites', parameters('sites_incometracker_vrb_name'))]"
            ]
        },
        {
            "type": "Microsoft.Web/sites/snapshots",
            "apiVersion": "2015-08-01",
            "name": "[concat(parameters('sites_incometracker_vrb_name'), '/2023-07-12T15_25_31_7293081')]",
            "dependsOn": [
                "[resourceId('Microsoft.Web/sites', parameters('sites_incometracker_vrb_name'))]"
            ]
        },
        {
            "type": "Microsoft.Web/sites/snapshots",
            "apiVersion": "2015-08-01",
            "name": "[concat(parameters('sites_incometracker_vrb_name'), '/2023-07-12T16_25_31_8153379')]",
            "dependsOn": [
                "[resourceId('Microsoft.Web/sites', parameters('sites_incometracker_vrb_name'))]"
            ]
        },
        {
            "type": "Microsoft.Web/sites/snapshots",
            "apiVersion": "2015-08-01",
            "name": "[concat(parameters('sites_incometracker_vrb_name'), '/2023-07-12T17_25_31_8972456')]",
            "dependsOn": [
                "[resourceId('Microsoft.Web/sites', parameters('sites_incometracker_vrb_name'))]"
            ]
        },
        {
            "type": "Microsoft.Web/sites/snapshots",
            "apiVersion": "2015-08-01",
            "name": "[concat(parameters('sites_incometracker_vrb_name'), '/2023-07-12T18_25_32_0015001')]",
            "dependsOn": [
                "[resourceId('Microsoft.Web/sites', parameters('sites_incometracker_vrb_name'))]"
            ]
        },
        {
            "type": "Microsoft.Web/sites/snapshots",
            "apiVersion": "2015-08-01",
            "name": "[concat(parameters('sites_incometracker_vrb_name'), '/2023-07-12T19_25_32_0986980')]",
            "dependsOn": [
                "[resourceId('Microsoft.Web/sites', parameters('sites_incometracker_vrb_name'))]"
            ]
        },
        {
            "type": "Microsoft.Web/sites/snapshots",
            "apiVersion": "2015-08-01",
            "name": "[concat(parameters('sites_incometracker_vrb_name'), '/2023-07-12T20_25_32_1873139')]",
            "dependsOn": [
                "[resourceId('Microsoft.Web/sites', parameters('sites_incometracker_vrb_name'))]"
            ]
        },
        {
            "type": "Microsoft.Web/sites/snapshots",
            "apiVersion": "2015-08-01",
            "name": "[concat(parameters('sites_incometracker_vrb_name'), '/2023-07-12T21_25_32_3021632')]",
            "dependsOn": [
                "[resourceId('Microsoft.Web/sites', parameters('sites_incometracker_vrb_name'))]"
            ]
        },
        {
            "type": "Microsoft.Web/sites/snapshots",
            "apiVersion": "2015-08-01",
            "name": "[concat(parameters('sites_incometracker_vrb_name'), '/2023-07-12T22_25_32_3805555')]",
            "dependsOn": [
                "[resourceId('Microsoft.Web/sites', parameters('sites_incometracker_vrb_name'))]"
            ]
        },
        {
            "type": "Microsoft.Web/sites/snapshots",
            "apiVersion": "2015-08-01",
            "name": "[concat(parameters('sites_incometracker_vrb_name'), '/2023-07-12T23_25_32_4833679')]",
            "dependsOn": [
                "[resourceId('Microsoft.Web/sites', parameters('sites_incometracker_vrb_name'))]"
            ]
        },
        {
            "type": "Microsoft.Web/sites/snapshots",
            "apiVersion": "2015-08-01",
            "name": "[concat(parameters('sites_incometracker_vrb_name'), '/2023-07-13T00_25_32_5865689')]",
            "dependsOn": [
                "[resourceId('Microsoft.Web/sites', parameters('sites_incometracker_vrb_name'))]"
            ]
        },
        {
            "type": "Microsoft.Web/sites/snapshots",
            "apiVersion": "2015-08-01",
            "name": "[concat(parameters('sites_incometracker_vrb_name'), '/2023-07-13T01_25_32_6934597')]",
            "dependsOn": [
                "[resourceId('Microsoft.Web/sites', parameters('sites_incometracker_vrb_name'))]"
            ]
        },
        {
            "type": "Microsoft.Web/sites/snapshots",
            "apiVersion": "2015-08-01",
            "name": "[concat(parameters('sites_incometracker_vrb_name'), '/2023-07-13T02_25_32_7985232')]",
            "dependsOn": [
                "[resourceId('Microsoft.Web/sites', parameters('sites_incometracker_vrb_name'))]"
            ]
        },
        {
            "type": "Microsoft.Web/sites/snapshots",
            "apiVersion": "2015-08-01",
            "name": "[concat(parameters('sites_incometracker_vrb_name'), '/2023-07-13T03_25_32_9465055')]",
            "dependsOn": [
                "[resourceId('Microsoft.Web/sites', parameters('sites_incometracker_vrb_name'))]"
            ]
        },
        {
            "type": "Microsoft.Web/sites/snapshots",
            "apiVersion": "2015-08-01",
            "name": "[concat(parameters('sites_incometracker_vrb_name'), '/2023-07-13T04_25_33_0095295')]",
            "dependsOn": [
                "[resourceId('Microsoft.Web/sites', parameters('sites_incometracker_vrb_name'))]"
            ]
        },
        {
            "type": "Microsoft.Web/sites/snapshots",
            "apiVersion": "2015-08-01",
            "name": "[concat(parameters('sites_incometracker_vrb_name'), '/2023-07-13T05_25_33_1362237')]",
            "dependsOn": [
                "[resourceId('Microsoft.Web/sites', parameters('sites_incometracker_vrb_name'))]"
            ]
        },
        {
            "type": "Microsoft.Web/sites/snapshots",
            "apiVersion": "2015-08-01",
            "name": "[concat(parameters('sites_incometracker_vrb_name'), '/2023-07-13T06_25_33_2104844')]",
            "dependsOn": [
                "[resourceId('Microsoft.Web/sites', parameters('sites_incometracker_vrb_name'))]"
            ]
        },
        {
            "type": "Microsoft.Web/sites/snapshots",
            "apiVersion": "2015-08-01",
            "name": "[concat(parameters('sites_incometracker_vrb_name'), '/2023-07-13T07_25_33_3468283')]",
            "dependsOn": [
                "[resourceId('Microsoft.Web/sites', parameters('sites_incometracker_vrb_name'))]"
            ]
        },
        {
            "type": "Microsoft.Web/sites/snapshots",
            "apiVersion": "2015-08-01",
            "name": "[concat(parameters('sites_incometracker_vrb_name'), '/2023-07-13T08_25_33_4290484')]",
            "dependsOn": [
                "[resourceId('Microsoft.Web/sites', parameters('sites_incometracker_vrb_name'))]"
            ]
        },
        {
            "type": "Microsoft.Web/sites/snapshots",
            "apiVersion": "2015-08-01",
            "name": "[concat(parameters('sites_incometracker_vrb_name'), '/2023-07-13T09_25_33_5410904')]",
            "dependsOn": [
                "[resourceId('Microsoft.Web/sites', parameters('sites_incometracker_vrb_name'))]"
            ]
        },
        {
            "type": "Microsoft.Web/sites/snapshots",
            "apiVersion": "2015-08-01",
            "name": "[concat(parameters('sites_incometracker_vrb_name'), '/2023-07-13T10_25_33_6196362')]",
            "dependsOn": [
                "[resourceId('Microsoft.Web/sites', parameters('sites_incometracker_vrb_name'))]"
            ]
        },
        {
            "type": "Microsoft.Web/sites/snapshots",
            "apiVersion": "2015-08-01",
            "name": "[concat(parameters('sites_incometracker_vrb_name'), '/2023-07-13T11_25_33_7276046')]",
            "dependsOn": [
                "[resourceId('Microsoft.Web/sites', parameters('sites_incometracker_vrb_name'))]"
            ]
        },
        {
            "type": "Microsoft.Web/sites/snapshots",
            "apiVersion": "2015-08-01",
            "name": "[concat(parameters('sites_incometracker_vrb_name'), '/2023-07-13T12_25_33_8062820')]",
            "dependsOn": [
                "[resourceId('Microsoft.Web/sites', parameters('sites_incometracker_vrb_name'))]"
            ]
        },
        {
            "type": "Microsoft.Web/sites/snapshots",
            "apiVersion": "2015-08-01",
            "name": "[concat(parameters('sites_incometracker_vrb_name'), '/2023-07-13T13_25_33_9228826')]",
            "dependsOn": [
                "[resourceId('Microsoft.Web/sites', parameters('sites_incometracker_vrb_name'))]"
            ]
        },
        {
            "type": "Microsoft.Web/sites/snapshots",
            "apiVersion": "2015-08-01",
            "name": "[concat(parameters('sites_incometracker_vrb_name'), '/2023-07-13T14_25_34_0172536')]",
            "dependsOn": [
                "[resourceId('Microsoft.Web/sites', parameters('sites_incometracker_vrb_name'))]"
            ]
        },
        {
            "type": "Microsoft.Web/sites/snapshots",
            "apiVersion": "2015-08-01",
            "name": "[concat(parameters('sites_incometracker_vrb_name'), '/2023-07-13T15_25_34_1181144')]",
            "dependsOn": [
                "[resourceId('Microsoft.Web/sites', parameters('sites_incometracker_vrb_name'))]"
            ]
        },
        {
            "type": "Microsoft.Web/sites/snapshots",
            "apiVersion": "2015-08-01",
            "name": "[concat(parameters('sites_incometracker_vrb_name'), '/2023-07-13T16_25_34_2015056')]",
            "dependsOn": [
                "[resourceId('Microsoft.Web/sites', parameters('sites_incometracker_vrb_name'))]"
            ]
        },
        {
            "type": "Microsoft.Web/sites/snapshots",
            "apiVersion": "2015-08-01",
            "name": "[concat(parameters('sites_incometracker_vrb_name'), '/2023-07-13T17_25_34_3115650')]",
            "dependsOn": [
                "[resourceId('Microsoft.Web/sites', parameters('sites_incometracker_vrb_name'))]"
            ]
        },
        {
            "type": "Microsoft.Web/sites/snapshots",
            "apiVersion": "2015-08-01",
            "name": "[concat(parameters('sites_incometracker_vrb_name'), '/2023-07-13T18_25_34_4135089')]",
            "dependsOn": [
                "[resourceId('Microsoft.Web/sites', parameters('sites_incometracker_vrb_name'))]"
            ]
        },
        {
            "type": "Microsoft.Web/sites/snapshots",
            "apiVersion": "2015-08-01",
            "name": "[concat(parameters('sites_incometracker_vrb_name'), '/2023-07-13T19_25_34_5176571')]",
            "dependsOn": [
                "[resourceId('Microsoft.Web/sites', parameters('sites_incometracker_vrb_name'))]"
            ]
        },
        {
            "type": "Microsoft.Web/sites/snapshots",
            "apiVersion": "2015-08-01",
            "name": "[concat(parameters('sites_incometracker_vrb_name'), '/2023-07-13T20_25_34_6262359')]",
            "dependsOn": [
                "[resourceId('Microsoft.Web/sites', parameters('sites_incometracker_vrb_name'))]"
            ]
        },
        {
            "type": "Microsoft.Web/sites/snapshots",
            "apiVersion": "2015-08-01",
            "name": "[concat(parameters('sites_incometracker_vrb_name'), '/2023-07-13T21_25_34_7950325')]",
            "dependsOn": [
                "[resourceId('Microsoft.Web/sites', parameters('sites_incometracker_vrb_name'))]"
            ]
        },
        {
            "type": "Microsoft.Web/sites/snapshots",
            "apiVersion": "2015-08-01",
            "name": "[concat(parameters('sites_incometracker_vrb_name'), '/2023-07-13T22_25_34_8294883')]",
            "dependsOn": [
                "[resourceId('Microsoft.Web/sites', parameters('sites_incometracker_vrb_name'))]"
            ]
        },
        {
            "type": "Microsoft.Web/sites/snapshots",
            "apiVersion": "2015-08-01",
            "name": "[concat(parameters('sites_incometracker_vrb_name'), '/2023-07-13T23_25_34_9510349')]",
            "dependsOn": [
                "[resourceId('Microsoft.Web/sites', parameters('sites_incometracker_vrb_name'))]"
            ]
        }
    ]
}